uts,utc_time,artist,artist_mbid,album,album_mbid,track,track_mbid
"1643826249","02 Feb 2022, 18:24","Fugazi","233fc3f3-6de2-465c-985e-e721dbabbace","13 Songs","2f9f575b-2bd0-4ccb-9ab5-70fae4f8dd8b","Margin Walker","022976fb-59af-3260-9150-bc9cbb593cda"
"1643826084","02 Feb 2022, 18:21","R.E.M.","ea4dfa26-f633-4da6-a52a-f49ea4897b58","Monster","04aff480-c307-4bd8-aa98-47b887299d71","What's the Frequency, Kenneth?","01235f2a-67d4-313d-84da-136ad2383cfa"
"1643825846","02 Feb 2022, 18:17","Public Image Ltd.","","The Public Image Is Rotten (Songs From the Heart)","4f1dcff3-2c61-45bd-9838-f0c8d80de47a","Rise (Live At The New York Ritz)","6aeee1d3-9210-4b56-b553-cec7fa6aabfd"
"1643825353","02 Feb 2022, 18:09","Red Hot Chili Peppers","8bfac288-ccc5-448d-9573-c33ea2aa5c30","Blood Sugar Sex Magik","0cb0f83f-b8d2-4cd7-a5fb-32a4bc21d053","Apache Rose Peacock","021c94a3-2853-3653-a375-f46e69575033"
"1643825071","02 Feb 2022, 18:04","New Order","f1106b17-dcbb-45f6-b938-199ccfab50cc","Technique","01681b1d-3068-3689-b879-efefde1f7b3b","Fine Time","00185448-d032-327f-8ca8-2591537da041"
"1643824786","02 Feb 2022, 17:59","The Wallflowers","d9c90718-d54d-4ccf-a92e-37a5415ce299","6th Avenue Heartache - EP","","6th Avenue Heartache (Radio Edit)","75ca09b0-fd45-4d07-8258-70e8f7a3fc95"
"1643824519","02 Feb 2022, 17:55","Jane's Addiction","e3434cc7-d348-491a-9dc8-325af3d9086d","Ritual de lo Habitual","0239d797-11ca-3d4d-b838-8a70a984f632","Been Caught Stealing","009e7590-36f2-443a-8b53-52c9598ad553"
"1643824304","02 Feb 2022, 17:51","Red Hot Chili Peppers","","Mother's Milk","117727ff-850f-4e7e-afd4-0bb95739eb41","Higher Ground (Remaster 2003)",""
"1643824100","02 Feb 2022, 17:48","The Cure","69ee3720-a7cb-4402-b48d-a02c366f2bcf","The Top","0cc7ebf4-cba0-3821-932b-ea132950ba7d","Birdmad Girl","09ea1451-3b80-48ea-ab23-2d3311d45806"
"1643821203","02 Feb 2022, 17:00","The Cure","69ee3720-a7cb-4402-b48d-a02c366f2bcf","Bestival Live 2011","3276c099-b530-41dc-bcb6-9b1ebed03cb9","Friday I'm In Love (Bestival Live 2011)",""
"1643820989","02 Feb 2022, 16:56","The Cure","69ee3720-a7cb-4402-b48d-a02c366f2bcf","Show (Live)","","From the Edge of the Deep Green Sea","01c007af-77cf-4ce9-9dd6-a6e203b0287c"
"1643819762","02 Feb 2022, 16:36","The Cure","69ee3720-a7cb-4402-b48d-a02c366f2bcf","Kiss Me, Kiss Me, Kiss Me","03a3acfb-67ee-3353-a3f9-65a1af3a626e","One More Time","014e76d6-5cb2-44b2-b03d-32ed1b305d9d"
"1643819275","02 Feb 2022, 16:27","The Cure","69ee3720-a7cb-4402-b48d-a02c366f2bcf","Bestival Live 2011","3276c099-b530-41dc-bcb6-9b1ebed03cb9","End (Bestival Live 2011)",""
"1643818905","02 Feb 2022, 16:21","The Cure","69ee3720-a7cb-4402-b48d-a02c366f2bcf","Paris (Live)","","In Your House (Live)","1dbe686a-f275-3861-aa16-6bad3ccc2b35"
"1643818247","02 Feb 2022, 16:10","The Cure","69ee3720-a7cb-4402-b48d-a02c366f2bcf","Curaetion-25: From There to Here From Here to There (Live)","","alt.end (live)",""
"1643817395","02 Feb 2022, 15:56","The Cure","69ee3720-a7cb-4402-b48d-a02c366f2bcf","Pornography (Deluxe Edition)","","One Hundred Years","01ca86af-26b2-4188-bcde-610d98dd6981"
"1643816996","02 Feb 2022, 15:49","The Cure","","Paris (Live)","","Charlotte Sometimes (Live)",""
"1643816756","02 Feb 2022, 15:45","The Cure","69ee3720-a7cb-4402-b48d-a02c366f2bcf","Three Imaginary Boys","2207aa68-71c6-3371-986f-0d56ab63de56","The Weedy Burton","0d95f7d8-c1b4-3a65-a28c-92244953ec53"
"1643816704","02 Feb 2022, 15:45","The Cure","69ee3720-a7cb-4402-b48d-a02c366f2bcf","Seventeen Seconds (Deluxe Edition)","4f950c86-e9f9-4f7a-8574-5f8c1078533e","Three","1001314c-bed7-4a71-b194-f226fc7e330b"
"1643816546","02 Feb 2022, 15:42","The Cure","69ee3720-a7cb-4402-b48d-a02c366f2bcf","The Head on the Door","0cd3c289-84d5-4330-9292-a66081d2db6c","Screw","00986e9c-1386-49d3-979d-7bc15c4ee91d"
"1643816390","02 Feb 2022, 15:39","The Cure","69ee3720-a7cb-4402-b48d-a02c366f2bcf","Three Imaginary Boys","2207aa68-71c6-3371-986f-0d56ab63de56","It's Not You","1059d3ff-bc5a-48ac-b136-b16c0ad0ad00"
"1643816167","02 Feb 2022, 15:36","Red Hot Chili Peppers","8bfac288-ccc5-448d-9573-c33ea2aa5c30","The Studio Album Collection 1991-2011","","Wet Sand","0255dc38-81d8-4f2f-b8e5-110d6b083a95"
"1643815856","02 Feb 2022, 15:30","Red Hot Chili Peppers","8bfac288-ccc5-448d-9573-c33ea2aa5c30","The Studio Album Collection 1991-2011","","Desecration Smile","08f25718-9d02-4b08-8363-a33523aa2bc4"
"1643815082","02 Feb 2022, 15:18","Red Hot Chili Peppers","8bfac288-ccc5-448d-9573-c33ea2aa5c30","The Studio Album Collection 1991-2011","","I Could Die for You","016a1a24-8ca9-344f-b429-e0607159eae1"
"1643814892","02 Feb 2022, 15:14","Red Hot Chili Peppers","8bfac288-ccc5-448d-9573-c33ea2aa5c30","The Studio Album Collection 1991-2011","","One Big Mob","01ff2c04-aff6-4690-9e20-a5db61b74725"
"1643814528","02 Feb 2022, 15:08","Red Hot Chili Peppers","8bfac288-ccc5-448d-9573-c33ea2aa5c30","The Studio Album Collection 1991-2011","","Strip My Mind","065a46f3-07f6-4a37-996a-a14983be2529"
"1643812959","02 Feb 2022, 14:42","Red Hot Chili Peppers","8bfac288-ccc5-448d-9573-c33ea2aa5c30","The Studio Album Collection 1991-2011","","Especially in Michigan","067bfc9e-5437-30a0-9e71-d8cd3de84ba0"
"1643812647","02 Feb 2022, 14:37","New Order","f1106b17-dcbb-45f6-b938-199ccfab50cc","Technique","01681b1d-3068-3689-b879-efefde1f7b3b","Dream Attack","0223106e-0eff-4c52-98a8-34e2ed79e72e"
"1643812330","02 Feb 2022, 14:32","New Order","f1106b17-dcbb-45f6-b938-199ccfab50cc","Technique","01681b1d-3068-3689-b879-efefde1f7b3b","Vanishing Point","00b98279-14cd-423e-9df6-d2f5f7aeacff"
"1643812011","02 Feb 2022, 14:26","New Order","f1106b17-dcbb-45f6-b938-199ccfab50cc","Technique","01681b1d-3068-3689-b879-efefde1f7b3b","Mr Disco","02041dcd-8004-30d9-8fc3-0cbd3be07605"
"1643811749","02 Feb 2022, 14:22","New Order","f1106b17-dcbb-45f6-b938-199ccfab50cc","Technique","01681b1d-3068-3689-b879-efefde1f7b3b","Run","07585c2c-8e67-3617-a274-369ebb768ff0"
"1643811477","02 Feb 2022, 14:17","New Order","f1106b17-dcbb-45f6-b938-199ccfab50cc","Technique","01681b1d-3068-3689-b879-efefde1f7b3b","Guilty Partner","0a822d67-1711-3769-b51d-e9203e02f5ec"
"1643811191","02 Feb 2022, 14:13","New Order","f1106b17-dcbb-45f6-b938-199ccfab50cc","Technique","01681b1d-3068-3689-b879-efefde1f7b3b","Round & Round","00c737ae-9280-3c33-ac12-20c17a34a90c"
"1643810918","02 Feb 2022, 14:08","New Order","f1106b17-dcbb-45f6-b938-199ccfab50cc","Technique","01681b1d-3068-3689-b879-efefde1f7b3b","Love Less","05c5a443-c770-3ab7-99ab-1c550f9e1d5b"
"1643810732","02 Feb 2022, 14:05","New Order","f1106b17-dcbb-45f6-b938-199ccfab50cc","Technique","01681b1d-3068-3689-b879-efefde1f7b3b","All the Way","05cebd50-7193-4624-bb0d-f6b1da782f2c"
"1643810527","02 Feb 2022, 14:02","New Order","f1106b17-dcbb-45f6-b938-199ccfab50cc","Technique","01681b1d-3068-3689-b879-efefde1f7b3b","Fine Time","00185448-d032-327f-8ca8-2591537da041"
"1643778239","02 Feb 2022, 05:03","Beastie Boys","9beb62b2-88db-4cea-801e-162cd344ee53","Check Your Head (Deluxe Version) [Remastered]","","So What'cha Want (Remastered)",""
"1643778110","02 Feb 2022, 05:01","Fugazi","233fc3f3-6de2-465c-985e-e721dbabbace","Steady Diet of Nothing","626f2190-d434-454d-9458-1745c37c81d5","Long Division","05c3115a-1506-385d-9c0d-45a34f877ea5"
"1643775836","02 Feb 2022, 04:23","The Cure","69ee3720-a7cb-4402-b48d-a02c366f2bcf","Wish","0d5f0ccc-e41a-451d-8845-4675921982cc","Friday I'm in Love","004cacd7-449c-4162-92f7-e7fca49770cc"
"1643775615","02 Feb 2022, 04:20","Public Image Ltd.","","Happy?","266ac73f-4541-4d82-81d0-7100d053182f","Seattle","05061265-2edc-34da-824b-3791c84e9791"
"1643775387","02 Feb 2022, 04:16","Siouxsie and the Banshees","78ea5ea1-3c4d-4b7e-ac5d-68900319ebe2","Hyaena (Remastered And Expanded)","","Dear Prudence","0475bc08-b49f-45be-989c-47a05d070b85"
"1643775063","02 Feb 2022, 04:11","New Order","f1106b17-dcbb-45f6-b938-199ccfab50cc","TOTAL","","Temptation","005f87a1-b6ef-4cbf-9044-43488ad4e0af"
"1643774803","02 Feb 2022, 04:06","Dinosaur Jr.","77c167d2-4965-4421-830a-9815e4956475","Without a Sound","24694020-67b0-466a-bb6b-d43a4c308312","Feel the Pain","02ac4567-6df0-3521-8875-4656a9ccf597"
"1643774570","02 Feb 2022, 04:02","Consolidated","502d686d-a74c-4a09-ba74-8d919a13b684","Business of Punishment","6cfc499d-cb33-4058-94f8-0ffce96425e0","Butyric Acid","1307ccb2-615b-4734-9823-f77845044936"
"1643770221","02 Feb 2022, 02:50","Sonic Youth","5cbef01b-cc35-4f52-af7b-d0df0c4f61b9","Daydream Nation (Deluxe Edition)","f1bce399-f5ba-4520-80a7-3d3b85329caf","Teen Age Riot (album version)","9441ddc9-b4a3-45e4-9d23-6f9215918950"
"1643769937","02 Feb 2022, 02:45","New Order","","Technique","01681b1d-3068-3689-b879-efefde1f7b3b","Fine Time - 2015 Remaster",""
"1643769723","02 Feb 2022, 02:42","The Breeders","667e856e-f3a7-42e9-8244-95422ef31321","Last Splash","0123d225-e035-3728-ac3a-3758c9d4edad","Cannonball","085a6023-f9c7-4e83-a4e4-95d885f37952"
"1643769594","02 Feb 2022, 02:39","Jesus Jones","f9776598-2689-41db-98d3-829f5510021c","Doubt","07778e04-f944-45af-900f-c904d1cafa35","Trust Me","07c1a0f1-1898-45af-b5b6-b6e683379c42"
"1643769143","02 Feb 2022, 02:32","New Order","","Singles (2016 Remaster)","","Blue Monday - 2016 Remaster",""
"1643768734","02 Feb 2022, 02:25","The Smiths","","Hatful of Hollow","05eae5e7-c7f0-4ca2-8b0e-2be4f4506983","How Soon Is Now? - 2011 Remaster",""
"1643754065","01 Feb 2022, 22:21","Revolting Cocks","2865730a-5757-4005-875e-84d6274cb1c0","Beers, Steers + Queers","0a8b8f5e-7813-46b1-a15d-fb8a62a16b12","Beers, Steers & Queers","0395c92e-71c5-39eb-8353-37e6b2632a73"
"1643753155","01 Feb 2022, 22:05","Revolting Cocks","2865730a-5757-4005-875e-84d6274cb1c0","Trax! Box","2b0382a4-4653-48f1-8ea6-6b21e4ec2299","Beers, Steers & Queers","0395c92e-71c5-39eb-8353-37e6b2632a73"
"1643752799","01 Feb 2022, 21:59","Ministry","13df2a46-f72f-40e7-aa63-26fcf62c7048","The Land of Rape and Honey","09b8ae69-05f4-42fb-ba1e-a1309161364c","Destruction","07ab80ad-8886-3e54-81b3-fa94af4b993e"
"1643752611","01 Feb 2022, 21:56","Ministry","13df2a46-f72f-40e7-aa63-26fcf62c7048","The Land of Rape and Honey","09b8ae69-05f4-42fb-ba1e-a1309161364c","Golden Dawn","32206b62-8907-3ea9-bc79-8b2fd9c6d5b3"
"1643752269","01 Feb 2022, 21:51","Ministry","13df2a46-f72f-40e7-aa63-26fcf62c7048","The Land of Rape and Honey","09b8ae69-05f4-42fb-ba1e-a1309161364c","Deity","09de9d57-36c3-3842-82ea-fa439ce5b025"
"1643752065","01 Feb 2022, 21:47","Ministry","13df2a46-f72f-40e7-aa63-26fcf62c7048","The Land of Rape and Honey","09b8ae69-05f4-42fb-ba1e-a1309161364c","The Missing","0bf4fdf3-02d3-4e86-9728-9b04e1fa5d0a"
"1643751890","01 Feb 2022, 21:44","Ministry","13df2a46-f72f-40e7-aa63-26fcf62c7048","The Land of Rape and Honey","09b8ae69-05f4-42fb-ba1e-a1309161364c","Stigmata","0050d3ab-8adb-3602-829d-ad235c2db356"
"1643751543","01 Feb 2022, 21:39","Ministry","13df2a46-f72f-40e7-aa63-26fcf62c7048","The Mind Is a Terrible Thing to Taste","2624208c-b50a-38db-8ea5-d12fe70506dc","Cannibal Song","05fc8cde-fc42-38ed-8547-15b69bbfcdd1"
"1643751478","01 Feb 2022, 21:37","Ministry","13df2a46-f72f-40e7-aa63-26fcf62c7048","The Mind Is a Terrible Thing to Taste","2624208c-b50a-38db-8ea5-d12fe70506dc","Never Believe","087caed6-6fec-37f4-a96e-c08d3097c1cc"
"1643751180","01 Feb 2022, 21:33","Ministry","13df2a46-f72f-40e7-aa63-26fcf62c7048","The Mind Is a Terrible Thing to Taste","2624208c-b50a-38db-8ea5-d12fe70506dc","Burning Inside","02ad13da-013e-4b36-bb1a-516fbd0b17d5"
"1643750860","01 Feb 2022, 21:27","Ministry","13df2a46-f72f-40e7-aa63-26fcf62c7048","The Mind Is a Terrible Thing to Taste","2624208c-b50a-38db-8ea5-d12fe70506dc","Thieves","04597c3d-a020-3585-9b74-f9c3b457d93f"
"1643749730","01 Feb 2022, 21:08","Ministry","13df2a46-f72f-40e7-aa63-26fcf62c7048","Sphinctour (Live)","","Hero (Live in Hamburg)",""
"1643749562","01 Feb 2022, 21:06","Ministry","13df2a46-f72f-40e7-aa63-26fcf62c7048","Sphinctour (Live)","","Filth Pig (Live In Toronto)",""
"1643749172","01 Feb 2022, 20:59","Ministry","13df2a46-f72f-40e7-aa63-26fcf62c7048","Sphinctour (Live)","","Reload (Live In Albuquerque)",""
"1643749019","01 Feb 2022, 20:56","Ministry","13df2a46-f72f-40e7-aa63-26fcf62c7048","Sphinctour (Live)","","Crumbs (Live In Stuttgart)",""
"1643748792","01 Feb 2022, 20:53","Ministry","13df2a46-f72f-40e7-aa63-26fcf62c7048","Sphinctour (Live)","","Psalm 69 (Live in Paris)",""
"1643748479","01 Feb 2022, 20:47","Ministry","13df2a46-f72f-40e7-aa63-26fcf62c7048","Filth Pig","03e5ef4e-42fd-49d2-b0ed-9fcda0ac844f","The Fall","065affb8-23d3-34f5-a20e-8115805d5b1f"
"1643748373","01 Feb 2022, 20:46","Ministry","13df2a46-f72f-40e7-aa63-26fcf62c7048","Filth Pig","03e5ef4e-42fd-49d2-b0ed-9fcda0ac844f","Gameshow",""
"1643747907","01 Feb 2022, 20:38","Ministry","13df2a46-f72f-40e7-aa63-26fcf62c7048","Filth Pig","03e5ef4e-42fd-49d2-b0ed-9fcda0ac844f","Dead Guy","0aa50e7d-0042-3455-86d2-893d441abb11"
"1643747592","01 Feb 2022, 20:33","Ministry","13df2a46-f72f-40e7-aa63-26fcf62c7048","Filth Pig","03e5ef4e-42fd-49d2-b0ed-9fcda0ac844f","Useless","1a7d7c39-be94-33d7-9a1e-5a1b0630931f"
"1643747235","01 Feb 2022, 20:27","Ministry","13df2a46-f72f-40e7-aa63-26fcf62c7048","Filth Pig","03e5ef4e-42fd-49d2-b0ed-9fcda0ac844f","Crumbs","0be17fdc-c6d5-321a-84ee-3149782e4030"
"1643746980","01 Feb 2022, 20:23","Ministry","13df2a46-f72f-40e7-aa63-26fcf62c7048","Filth Pig","03e5ef4e-42fd-49d2-b0ed-9fcda0ac844f","Lava","07c3b017-b180-308c-846f-d7f270e45ce9"
"1643746591","01 Feb 2022, 20:16","Ministry","13df2a46-f72f-40e7-aa63-26fcf62c7048","Filth Pig","03e5ef4e-42fd-49d2-b0ed-9fcda0ac844f","Filth Pig","20864f20-a5c0-3bbb-b814-aa2db845e1c9"
"1643746209","01 Feb 2022, 20:10","Ministry","13df2a46-f72f-40e7-aa63-26fcf62c7048","Filth Pig","03e5ef4e-42fd-49d2-b0ed-9fcda0ac844f","Reload","02c93954-af0e-3b44-bceb-795e3ffcc721"
"1643746038","01 Feb 2022, 20:07","Revolting Cocks","2865730a-5757-4005-875e-84d6274cb1c0","Big Sexy Land","10bb722a-57ad-4efd-a53b-5150c1a160a2","Attack Ships on Fire","041dc2df-d9c5-30c8-b380-fe3e14bdd11d"
"1643745745","01 Feb 2022, 20:02","Revolting Cocks","2865730a-5757-4005-875e-84d6274cb1c0","Big Sexy Land","10bb722a-57ad-4efd-a53b-5150c1a160a2","We Shall Cleanse the World","1d5573ae-449d-3af8-859a-e90895cec6fb"
"1643745410","01 Feb 2022, 19:56","Revolting Cocks","2865730a-5757-4005-875e-84d6274cb1c0","Big Sexy Land","10bb722a-57ad-4efd-a53b-5150c1a160a2","38","0ba6976f-4b91-3d2d-b1be-7d3947192d97"
"1643745109","01 Feb 2022, 19:51","Dinosaur Jr.","77c167d2-4965-4421-830a-9815e4956475","Where You Been","1c7678f7-06d4-3b1f-9536-273edf01814d","Start Choppin'","0d9232c2-afe1-3780-b206-9f60f09b7510"
"1643744826","01 Feb 2022, 19:47","Joy Division","9a58fda3-f4ed-4080-a3a5-f457aac9fcdd","Love Will Tear Us Apart (2020 Digital Remaster) - Single","","Love Will Tear Us Apart (2020 Remaster)",""
"1643744618","01 Feb 2022, 19:43","The Church","4fcb7864-42dd-4dcf-b269-6da0d9042956","Starfish","0118dc19-b32d-477f-acbd-0b14a7f9bc3b","Antenna","1aac2fc1-cfba-3188-aaf0-68b7ef580cf8"
"1643744387","01 Feb 2022, 19:39","The Smiths","40f5d9e4-2de7-4f2d-ad41-e31a9a9fea27","The Queen Is Dead","0fcc367d-af66-49ee-b7b0-8351a91e04c0","The Boy With The Thorn In His Side","00b5da05-14e9-4b3a-bcf8-88c32ec1c8f3"
"1643744190","01 Feb 2022, 19:36","Beastie Boys","9beb62b2-88db-4cea-801e-162cd344ee53","Ill Communication","04a3a4c8-7b0d-4751-b050-1a9cc789ad35","Sure Shot","0135b1b2-ec65-3957-b93b-d08c354b5321"
"1643743991","01 Feb 2022, 19:33","The Church","4fcb7864-42dd-4dcf-b269-6da0d9042956","Starfish (Deluxe Edition)","","Under the Milky Way","00fdb810-854a-3b98-952d-01ff3d5974e6"
"1643743693","01 Feb 2022, 19:28","Jane's Addiction","e3434cc7-d348-491a-9dc8-325af3d9086d","Ritual de lo Habitual","0239d797-11ca-3d4d-b838-8a70a984f632","Stop","05debba5-6a06-447f-a696-66b851577e48"
"1643743437","01 Feb 2022, 19:23","INXS","481bf5f9-2e7c-4c44-b08a-05b32bc7c00d","Kick","0486ced7-a674-4497-9d93-d7271206d519","Guns in the Sky","0156796e-83d5-4098-877b-5256f6e31848"
"1643743296","01 Feb 2022, 19:21","The Smiths","40f5d9e4-2de7-4f2d-ad41-e31a9a9fea27","The Queen Is Dead","0fcc367d-af66-49ee-b7b0-8351a91e04c0","There Is a Light That Never Goes Out","01581472-336f-37fb-b210-f3454ef9c24d"
"1643743015","01 Feb 2022, 19:16","U2","","U218 Singles","0f06e483-df1f-3cb3-8919-9b1e71229dbf","All I Want Is You (2005 Live From Milan)",""
"1643742711","01 Feb 2022, 19:11","U2","","U218 Singles","0f06e483-df1f-3cb3-8919-9b1e71229dbf","miss sarajevo (live)",""
"1643742636","01 Feb 2022, 19:10","U2","","The Virtual Road â€“ U2 Go Home: Live From Slane Castle Ireland EP (Remastered 2021)","","Stuck In A Moment You Can't Get Out Of (Live From Slane Castle, Ireland / 2001 / Remastered 2021)",""
"1643742357","01 Feb 2022, 19:05","U2","a3cb23fc-acd3-4ce0-8f36-1e5aa6a18432","The Joshua Tree","01e24fc2-2e8a-47ab-830f-f42c4f160adf","Exit","01da46d7-4b16-4611-ab00-8f92d701b9fd"
"1643742104","01 Feb 2022, 19:01","Fugazi","233fc3f3-6de2-465c-985e-e721dbabbace","13 Songs","2f9f575b-2bd0-4ccb-9ab5-70fae4f8dd8b","Burning Too","11f1aec2-60f6-3b46-9418-ae7ba762f885"
"1643741932","01 Feb 2022, 18:58","The Cure","69ee3720-a7cb-4402-b48d-a02c366f2bcf","Paris (Live)","","Catch (live)","004c1285-f585-3931-b48e-a8d82b04b175"
"1643741772","01 Feb 2022, 18:56","LL Cool J","a4dd0e77-83b8-4e92-89b7-effb0e47fd8c","Mama Said Knock You Out","071dcca8-0b8b-4176-ba42-c2a465bfd7e7","Mama Said Knock You Out","033e33cb-6fa2-39c8-907a-31fbd4e81bb6"
"1643741481","01 Feb 2022, 18:51","The Cure","69ee3720-a7cb-4402-b48d-a02c366f2bcf","Show (Live)","","High","009da065-7a02-40de-ab15-472f613580ae"
"1643741272","01 Feb 2022, 18:47","The Cure","69ee3720-a7cb-4402-b48d-a02c366f2bcf","The Cure","0f9ae859-00e4-4a32-8d96-f9797bd211ba","Us Or Them","04f69cce-11cd-3400-8f75-175734e6f5bc"
"1643740656","01 Feb 2022, 18:37","Jane's Addiction","e3434cc7-d348-491a-9dc8-325af3d9086d","Ritual de lo Habitual","0239d797-11ca-3d4d-b838-8a70a984f632","Stop","05debba5-6a06-447f-a696-66b851577e48"
"1643740402","01 Feb 2022, 18:33","The Bollweevils","23d9a95c-8f39-42c0-ac24-df04fadf5145","Liniment and Tonic - Single","","Liniment and Tonic","bb9d3712-eb4a-4a85-b6b0-3d8eb6816ca0"
"1643740271","01 Feb 2022, 18:31","Public Enemy","","POWER TO THE PEOPLE AND THE BEATS - Public Enemy's Greatest Hits","","By the Time I Get to Arizona","08c39db9-d594-4e13-98a5-54ac84c3adee"
"1643740031","01 Feb 2022, 18:27","The Cure","69ee3720-a7cb-4402-b48d-a02c366f2bcf","Wish","0d5f0ccc-e41a-451d-8845-4675921982cc","Apart","0745901e-3f81-4feb-b027-2950e3a2b65b"
"1643739637","01 Feb 2022, 18:20","Beastie Boys","9beb62b2-88db-4cea-801e-162cd344ee53","Ill Communication","04a3a4c8-7b0d-4751-b050-1a9cc789ad35","Sure Shot","0135b1b2-ec65-3957-b93b-d08c354b5321"
"1643739436","01 Feb 2022, 18:17","The Cure","69ee3720-a7cb-4402-b48d-a02c366f2bcf","Bestival Live 2011","3276c099-b530-41dc-bcb6-9b1ebed03cb9","The Only One (Bestival Live 2011)",""
"1643739183","01 Feb 2022, 18:13","The Cure","69ee3720-a7cb-4402-b48d-a02c366f2bcf","Faith (Deluxe Edition)","","The Drowning Man","09c407ce-5d1c-4c38-b9d4-c9ba68c2c76c"
"1643738893","01 Feb 2022, 18:08","U2","a3cb23fc-acd3-4ce0-8f36-1e5aa6a18432","Achtung Baby (20th Anniversary DeLuxe Edition)","","Zoo Station","031d33e3-9b91-33e1-a108-6ba43df0c795"
"1643738615","01 Feb 2022, 18:03","The Cure","69ee3720-a7cb-4402-b48d-a02c366f2bcf","Paris (Live)","","Dressing Up (Live)",""
"1643738445","01 Feb 2022, 18:00","The Cure","69ee3720-a7cb-4402-b48d-a02c366f2bcf","The Head on the Door","0cd3c289-84d5-4330-9292-a66081d2db6c","Screw","00986e9c-1386-49d3-979d-7bc15c4ee91d"
"1643734937","01 Feb 2022, 17:02","U2","a3cb23fc-acd3-4ce0-8f36-1e5aa6a18432","The Joshua Tree","01e24fc2-2e8a-47ab-830f-f42c4f160adf","Exit","01da46d7-4b16-4611-ab00-8f92d701b9fd"
"1643734746","01 Feb 2022, 16:59","Jesus Jones","f9776598-2689-41db-98d3-829f5510021c","Doubt","07778e04-f944-45af-900f-c904d1cafa35","Trust Me","07c1a0f1-1898-45af-b5b6-b6e683379c42"
"1643734539","01 Feb 2022, 16:55","Oasis","","Time Flies... 1994-2009 (Deluxe Version)","","Supersonic","00e04942-3d56-4cf4-b398-fe9eacf2f631"
"1643734290","01 Feb 2022, 16:51","The Cure","69ee3720-a7cb-4402-b48d-a02c366f2bcf","Wish","0d5f0ccc-e41a-451d-8845-4675921982cc","Friday I'm in Love","004cacd7-449c-4162-92f7-e7fca49770cc"
"1643734091","01 Feb 2022, 16:48","The Jesus and Mary Chain","e938a15c-b17e-4e7a-9f68-ff0d536cab44","Psychocandy (Expanded Version)","","Just Like Honey","00c498b1-2777-469c-82ab-c329b8c0bdfb"
"1643733844","01 Feb 2022, 16:44","Soundgarden","153c9281-268f-4cf3-8938-f5a4593e5df4","Superunknown (20th Anniversary)","","My Wave","00e7400e-b903-4aac-8ade-036cc031e736"
"1643733569","01 Feb 2022, 16:39","INXS","481bf5f9-2e7c-4c44-b08a-05b32bc7c00d","X","1b6eadbe-d8f7-4ab1-b6c5-466bccc92bb8","Suicide Blonde","00610866-cfa9-4f78-95e9-b2deb8cb3e39"
"1643732947","01 Feb 2022, 16:29","Dinosaur Jr.","77c167d2-4965-4421-830a-9815e4956475","Green Mind (Expanded & Remastered Edition)","","Sideways (2019 Remaster)",""
"1643732615","01 Feb 2022, 16:23","The Cure","69ee3720-a7cb-4402-b48d-a02c366f2bcf","Wish","0d5f0ccc-e41a-451d-8845-4675921982cc","Open","068b9ba5-22b5-4b86-8a5d-638b6f652627"
"1643732294","01 Feb 2022, 16:18","Jesus Jones","f9776598-2689-41db-98d3-829f5510021c","Doubt","07778e04-f944-45af-900f-c904d1cafa35","Right Here Right Now","04cb5956-6d49-4769-91d4-c30b77a18f98"
"1643732097","01 Feb 2022, 16:14","Beastie Boys","9beb62b2-88db-4cea-801e-162cd344ee53","Ill Communication","04a3a4c8-7b0d-4751-b050-1a9cc789ad35","Sure Shot","0135b1b2-ec65-3957-b93b-d08c354b5321"
"1643731580","01 Feb 2022, 16:06","Oasis","","(What's the Story) Morning Glory? (Deluxe Edition)","","Wonderwall (Remastered)",""
"1643731113","01 Feb 2022, 15:58","The Smiths","40f5d9e4-2de7-4f2d-ad41-e31a9a9fea27","The Queen Is Dead","0fcc367d-af66-49ee-b7b0-8351a91e04c0","There Is a Light That Never Goes Out","01581472-336f-37fb-b210-f3454ef9c24d"
"1643730990","01 Feb 2022, 15:56","Jane's Addiction","e3434cc7-d348-491a-9dc8-325af3d9086d","Ritual de lo Habitual","0239d797-11ca-3d4d-b838-8a70a984f632","Stop","05debba5-6a06-447f-a696-66b851577e48"
"1643730477","01 Feb 2022, 15:47","Jane's Addiction","e3434cc7-d348-491a-9dc8-325af3d9086d","Ritual de lo Habitual","0239d797-11ca-3d4d-b838-8a70a984f632","Stop","05debba5-6a06-447f-a696-66b851577e48"
"1643730245","01 Feb 2022, 15:44","The Jesus and Mary Chain","e938a15c-b17e-4e7a-9f68-ff0d536cab44","Automatic (Expanded Version)","fc11eae6-f510-4dbe-b4d6-c47703153bbb","Between Planets","1e6ab64f-45b1-4ec7-a55a-1a847fe3b473"
"1643729984","01 Feb 2022, 15:39","Skinny Puppy","5a24bc1a-c093-4a82-84ed-8d7f2da0570d","Remission","60801ca3-b83f-409c-8f28-05b786da1a44","Smothered Hope","09cdf3c8-3212-3a79-a155-42222ebf0e7d"
"1643729712","01 Feb 2022, 15:35","The Church","4fcb7864-42dd-4dcf-b269-6da0d9042956","Starfish","0118dc19-b32d-477f-acbd-0b14a7f9bc3b","Antenna","1aac2fc1-cfba-3188-aaf0-68b7ef580cf8"
"1643729426","01 Feb 2022, 15:30","Dinosaur Jr.","77c167d2-4965-4421-830a-9815e4956475","Where You Been","1c7678f7-06d4-3b1f-9536-273edf01814d","Start Choppin'","0d9232c2-afe1-3780-b206-9f60f09b7510"
"1643729252","01 Feb 2022, 15:27","The Smiths","40f5d9e4-2de7-4f2d-ad41-e31a9a9fea27","The Queen Is Dead","0fcc367d-af66-49ee-b7b0-8351a91e04c0","There Is a Light That Never Goes Out","01581472-336f-37fb-b210-f3454ef9c24d"
"1643727470","01 Feb 2022, 14:57","The Smiths","40f5d9e4-2de7-4f2d-ad41-e31a9a9fea27","The Queen Is Dead","0fcc367d-af66-49ee-b7b0-8351a91e04c0","There Is a Light That Never Goes Out","01581472-336f-37fb-b210-f3454ef9c24d"
"1643727269","01 Feb 2022, 14:54","James","","Laid (Remastered)","","Laid","005b9c6b-936d-437e-b856-9ea4322ac3a1"
"1643727046","01 Feb 2022, 14:50","Depeche Mode","8538e728-ca0b-4321-b7e5-cff6565dd4c0","Music for the Masses (Deluxe Edition)","","Never Let Me Down Again","0029f8da-73f5-3aaa-8419-2ff810bf96ed"
"1643726743","01 Feb 2022, 14:45","Skinny Puppy","5a24bc1a-c093-4a82-84ed-8d7f2da0570d","Remission","60801ca3-b83f-409c-8f28-05b786da1a44","Smothered Hope","09cdf3c8-3212-3a79-a155-42222ebf0e7d"
"1643726174","01 Feb 2022, 14:36","Jane's Addiction","e3434cc7-d348-491a-9dc8-325af3d9086d","Ritual de lo Habitual","0239d797-11ca-3d4d-b838-8a70a984f632","Stop","05debba5-6a06-447f-a696-66b851577e48"
"1643725927","01 Feb 2022, 14:32","Depeche Mode","8538e728-ca0b-4321-b7e5-cff6565dd4c0","Music for the Masses (Deluxe Edition)","","Never Let Me Down Again","0029f8da-73f5-3aaa-8419-2ff810bf96ed"
"1643683330","01 Feb 2022, 02:42","New Order","","Power corruption and lies","96fffc70-b101-4654-9027-727b94f0f75c","Your Silent Face - 2015 Remaster",""
"1643682099","01 Feb 2022, 02:21","The Smiths","","Strangeways, Here We Come","004dfc26-36b4-4bf7-a51e-4146b7a415d4","Girlfriend in a Coma - 2011 Remaster",""
"1643681789","01 Feb 2022, 02:16","Ministry","13df2a46-f72f-40e7-aa63-26fcf62c7048","KE*A*H** (Psalm 69)","","Just One Fix","024f1c11-2023-32cb-b673-fc6c98ca0944"
"1643681555","01 Feb 2022, 02:12","Suicidal Tendencies","e9e2a634-984f-4c10-bf7b-7970179e1ef1","Suicidal Tendencies","0242435d-f8a1-47b9-abd0-d193a5a8bd33","Institutionalized","03ba666a-2f04-3cce-aa0a-593e3b83f1fd"
"1643681370","01 Feb 2022, 02:09","U2","a3cb23fc-acd3-4ce0-8f36-1e5aa6a18432","The Joshua Tree (Super Deluxe)","","Sweetest Thing","00de2dea-6dc5-4efe-83b7-a882652b48d1"
"1643681059","01 Feb 2022, 02:04","The Cure","69ee3720-a7cb-4402-b48d-a02c366f2bcf","Wish","0d5f0ccc-e41a-451d-8845-4675921982cc","A Letter to Elise","01a84356-e64e-3b70-ab4f-3ecdaaf4764f"
"1643680887","01 Feb 2022, 02:01","Pixies","b6b2bb8d-54a9-491f-9607-7b546023b433","Doolittle","23110964-78bd-3b19-80e4-e99ef96f79cb","Debaser","01c2e31a-4403-37f8-88b3-3514163dfbca"
"1643680667","01 Feb 2022, 01:57","Meat Puppets","3df040ee-2b8b-446b-937a-3f86f4b2cabf","Too High To Die","1437240e-30b6-455d-893c-01ce5044002c","Backwater","00287b00-264f-3993-b7f5-fbacfd210771"
"1643680352","01 Feb 2022, 01:52","INXS","481bf5f9-2e7c-4c44-b08a-05b32bc7c00d","Kick","0486ced7-a674-4497-9d93-d7271206d519","Devil Inside","00aa4a9f-06f8-3c7b-8d24-5e0a67c6e372"
"1643679075","01 Feb 2022, 01:31","The Smiths","","The Queen Is Dead","0fcc367d-af66-49ee-b7b0-8351a91e04c0","Bigmouth Strikes Again - 2011 Remaster",""
"1643677074","01 Feb 2022, 00:57","New Order","","Technique","01681b1d-3068-3689-b879-efefde1f7b3b","Dream Attack - 2015 Remaster",""
"1643662977","31 Jan 2022, 21:02","New Order","f1106b17-dcbb-45f6-b938-199ccfab50cc","Substance","","Confusion","04f6677d-c42b-3fe0-b35e-1a2dbafebb8e"
"1643662610","31 Jan 2022, 20:56","New Order","f1106b17-dcbb-45f6-b938-199ccfab50cc","Substance","","Blue Monday","012cad75-f5a0-32dd-8cbb-030a121222cd"
"1643662176","31 Jan 2022, 20:49","New Order","f1106b17-dcbb-45f6-b938-199ccfab50cc","Substance","","Temptation","005f87a1-b6ef-4cbf-9044-43488ad4e0af"
"1643661801","31 Jan 2022, 20:43","New Order","f1106b17-dcbb-45f6-b938-199ccfab50cc","Substance","","Everything's Gone Green","042730df-85d0-3178-aadc-d173ea6b2cdd"
"1643661502","31 Jan 2022, 20:38","New Order","f1106b17-dcbb-45f6-b938-199ccfab50cc","Substance","","Ceremony","0114ed90-4093-4cac-9e62-0359208dcfb6"
"1643661172","31 Jan 2022, 20:32","Counting Crows","a0327dc2-dc76-44d5-aec6-47cd2dff1469","1993/06/19 San Francisco, CA","","A Murder Of One","058748ca-69b9-3cff-8427-b33410a947c0"
"1643660773","31 Jan 2022, 20:26","Counting Crows","a0327dc2-dc76-44d5-aec6-47cd2dff1469","1993/06/19 San Francisco, CA","","Perfect Blue Buildings","0e9d4c2a-83f9-4ddd-8d49-4d0908846bd2"
"1643660466","31 Jan 2022, 20:21","Counting Crows","a0327dc2-dc76-44d5-aec6-47cd2dff1469","1993/06/19 San Francisco, CA","","The Ghost In You","185dc97c-6d1b-452d-a134-9617b0d18198"
"1643660205","31 Jan 2022, 20:16","Counting Crows","a0327dc2-dc76-44d5-aec6-47cd2dff1469","1993/06/19 San Francisco, CA","","Rain King","02fdf07c-ae4d-387a-9260-ca0bdda498c9"
"1643659956","31 Jan 2022, 20:12","Counting Crows","a0327dc2-dc76-44d5-aec6-47cd2dff1469","1993/06/19 San Francisco, CA","","Omaha","0312b703-f26b-3930-b966-62ecaf1c2ff9"
"1643659702","31 Jan 2022, 20:08","Counting Crows","a0327dc2-dc76-44d5-aec6-47cd2dff1469","1993/06/19 San Francisco, CA","","Ghost Train","00736c3e-5865-3106-a757-d5bfdf2b90c2"
"1643659406","31 Jan 2022, 20:03","Counting Crows","a0327dc2-dc76-44d5-aec6-47cd2dff1469","1993/06/19 San Francisco, CA","","Time and Time Again","177c79da-e415-3312-8581-676f1a5dc660"
"1643657606","31 Jan 2022, 19:33","Counting Crows","a0327dc2-dc76-44d5-aec6-47cd2dff1469","1993/06/19 San Francisco, CA","","Open All Night","04bf1f1e-33bd-3be5-aed0-51bb21fea189"
"1643657326","31 Jan 2022, 19:28","Counting Crows","a0327dc2-dc76-44d5-aec6-47cd2dff1469","1993/06/19 San Francisco, CA","","Margery","6f062646-e501-3893-8d86-c747d2a998e8"
"1643656953","31 Jan 2022, 19:22","INXS","481bf5f9-2e7c-4c44-b08a-05b32bc7c00d","Listen Like Thieves","2bf4afae-0040-4267-b3cf-85b2e7af1496","Kiss The Dirt (Falling Down The Mountain)","0a11a14b-86c9-44ac-9662-afd7398b6257"
"1643656722","31 Jan 2022, 19:18","INXS","481bf5f9-2e7c-4c44-b08a-05b32bc7c00d","Listen Like Thieves","2bf4afae-0040-4267-b3cf-85b2e7af1496","Listen Like Thieves","009d288c-5879-359d-a802-e5b2330473d2"
"1643656500","31 Jan 2022, 19:15","INXS","481bf5f9-2e7c-4c44-b08a-05b32bc7c00d","Listen Like Thieves","2bf4afae-0040-4267-b3cf-85b2e7af1496","What You Need (Single Version)","f01bbdce-cd8f-42fc-b53c-dab1910091d0"
"1643656282","31 Jan 2022, 19:11","INXS","481bf5f9-2e7c-4c44-b08a-05b32bc7c00d","Listen Like Thieves","2bf4afae-0040-4267-b3cf-85b2e7af1496","What You Need","057a848e-c2b7-4803-b337-f0c4eba1f378"
"1643653853","31 Jan 2022, 18:30","U2","a3cb23fc-acd3-4ce0-8f36-1e5aa6a18432","Achtung Baby (Deluxe Edition)","0ff822f3-5834-482f-a520-519b11ecffb3","Until the End of the World","000a15ee-fc5f-350d-b55b-91b18c07d91f"
"1643652210","31 Jan 2022, 18:03","U2","a3cb23fc-acd3-4ce0-8f36-1e5aa6a18432","Achtung Baby (Deluxe Edition)","0ff822f3-5834-482f-a520-519b11ecffb3","Until the End of the World","000a15ee-fc5f-350d-b55b-91b18c07d91f"
"1643651997","31 Jan 2022, 17:59","Public Enemy","","Fear Of A Black Planet (Deluxe Edition)","","911 Is a Joke","060ee249-c690-3b16-8c5e-d5ec575962b8"
"1643651898","31 Jan 2022, 17:58","Public Enemy","","Fear Of A Black Planet (Deluxe Edition)","","911 Is a Joke","060ee249-c690-3b16-8c5e-d5ec575962b8"
"1643651799","31 Jan 2022, 17:56","Public Enemy","","It Takes A Nation Of Millions To Hold Us Back (Deluxe Edition)","","Caught, Can We Get a Witness?","0de8a2e5-6a09-3405-80cf-ddea5894b1cc"
"1643651653","31 Jan 2022, 17:54","Public Enemy","","It Takes A Nation Of Millions To Hold Us Back (Deluxe Edition)","","Caught, Can We Get a Witness?","0de8a2e5-6a09-3405-80cf-ddea5894b1cc"
"1643651506","31 Jan 2022, 17:51","Public Enemy","","It Takes A Nation Of Millions To Hold Us Back (Deluxe Edition)","","Louder Than a Bomb","09dfb5b0-25f3-305e-bd45-d050aa6a247f"
"1643651398","31 Jan 2022, 17:49","Public Enemy","","It Takes A Nation Of Millions To Hold Us Back (Deluxe Edition)","","Louder Than a Bomb","09dfb5b0-25f3-305e-bd45-d050aa6a247f"
"1643651289","31 Jan 2022, 17:48","Public Enemy","","It Takes A Nation Of Millions To Hold Us Back (Deluxe Edition)","","Terminator X to the Edge of Panic","05900a36-014c-3d9b-9335-b911901545a2"
"1643651153","31 Jan 2022, 17:45","Public Enemy","","It Takes A Nation Of Millions To Hold Us Back (Deluxe Edition)","","Terminator X to the Edge of Panic","05900a36-014c-3d9b-9335-b911901545a2"
"1643651017","31 Jan 2022, 17:43","Public Enemy","","It Takes A Nation Of Millions To Hold Us Back (Deluxe Edition)","","Don't Believe the Hype","010a2d98-30a6-3bd0-aaab-94d977d3c1a0"
"1643650858","31 Jan 2022, 17:40","Public Enemy","","It Takes A Nation Of Millions To Hold Us Back (Deluxe Edition)","","Don't Believe the Hype","010a2d98-30a6-3bd0-aaab-94d977d3c1a0"
"1643650698","31 Jan 2022, 17:38","Public Enemy","","It Takes A Nation Of Millions To Hold Us Back (Deluxe Edition)","","Bring the Noise","011308b8-bc16-366f-90c5-90bc5c503d51"
"1643650585","31 Jan 2022, 17:36","Public Enemy","","It Takes A Nation Of Millions To Hold Us Back (Deluxe Edition)","","Bring the Noise","011308b8-bc16-366f-90c5-90bc5c503d51"
"1643650472","31 Jan 2022, 17:34","Public Enemy","","It Takes A Nation Of Millions To Hold Us Back (Deluxe Edition)","","Prophets of Rage","0034f0d9-56bf-3ef5-a6b8-e69b6c2c8a2c"
"1643650372","31 Jan 2022, 17:32","Public Enemy","","It Takes A Nation Of Millions To Hold Us Back (Deluxe Edition)","","Prophets of Rage","0034f0d9-56bf-3ef5-a6b8-e69b6c2c8a2c"
"1643650273","31 Jan 2022, 17:31","Public Enemy","","It Takes A Nation Of Millions To Hold Us Back (Deluxe Edition)","","Rebel Without a Pause","04dc821b-c272-36dd-96d5-b4c49ce9b266"
"1643650121","31 Jan 2022, 17:28","Public Enemy","","It Takes A Nation Of Millions To Hold Us Back (Deluxe Edition)","","Rebel Without a Pause","04dc821b-c272-36dd-96d5-b4c49ce9b266"
"1643649970","31 Jan 2022, 17:26","Public Enemy","","It Takes A Nation Of Millions To Hold Us Back (Deluxe Edition)","","Night of the Living Baseheads","00d7f4fa-3546-443b-af28-b977e4845f7b"
"1643649873","31 Jan 2022, 17:24","Public Enemy","","It Takes A Nation Of Millions To Hold Us Back (Deluxe Edition)","","Night of the Living Baseheads","00d7f4fa-3546-443b-af28-b977e4845f7b"
"1643649776","31 Jan 2022, 17:22","Public Enemy","","It Takes A Nation Of Millions To Hold Us Back (Deluxe Edition)","","She Watch Channel Zero?!","0a40aa67-d74d-31ff-a334-b92c97a9df0a"
"1643649661","31 Jan 2022, 17:21","Public Enemy","","It Takes A Nation Of Millions To Hold Us Back (Deluxe Edition)","","She Watch Channel Zero?!","0a40aa67-d74d-31ff-a334-b92c97a9df0a"
"1643649423","31 Jan 2022, 17:17","Public Enemy","","POWER TO THE PEOPLE AND THE BEATS - Public Enemy's Greatest Hits","","By the Time I Get to Arizona","08c39db9-d594-4e13-98a5-54ac84c3adee"
"1643649302","31 Jan 2022, 17:15","Public Enemy","","POWER TO THE PEOPLE AND THE BEATS - Public Enemy's Greatest Hits","","By the Time I Get to Arizona","08c39db9-d594-4e13-98a5-54ac84c3adee"
"1643649287","31 Jan 2022, 17:14","The Cult","ad93cd58-cca9-4dbe-8b4c-64e74f203b86","Love","0a51651f-eda7-4326-aebb-ffc9f59ddc94","She Sells Sanctuary","0225043f-ae46-4001-a342-d567e39b5627"
"1643648618","31 Jan 2022, 17:03","The Cult","ad93cd58-cca9-4dbe-8b4c-64e74f203b86","Love","0a51651f-eda7-4326-aebb-ffc9f59ddc94","She Sells Sanctuary","0225043f-ae46-4001-a342-d567e39b5627"
"1643648491","31 Jan 2022, 17:01","The Cure","69ee3720-a7cb-4402-b48d-a02c366f2bcf","Bestival Live 2011","3276c099-b530-41dc-bcb6-9b1ebed03cb9","Fascination Street (Bestival Live 2011)",""
"1643648341","31 Jan 2022, 16:59","The Cure","69ee3720-a7cb-4402-b48d-a02c366f2bcf","Bestival Live 2011","3276c099-b530-41dc-bcb6-9b1ebed03cb9","Fascination Street (Bestival Live 2011)",""
"1643648192","31 Jan 2022, 16:56","Pixies","","Live from Music Midtown, Atlanta, GA. June 11th, 2005","","Monkey Gone to Heaven - Live from Music Midtown, Atlanta, GA. June 11th, 2005",""
"1643648106","31 Jan 2022, 16:55","Pixies","","Live from Music Midtown, Atlanta, GA. June 11th, 2005","","Monkey Gone to Heaven - Live from Music Midtown, Atlanta, GA. June 11th, 2005",""
"1643648021","31 Jan 2022, 16:53","Soundgarden","","Badmotorfinger (25th Anniversary Remaster)","","Rusty Cage - Remastered",""
"1643647888","31 Jan 2022, 16:51","Soundgarden","","Badmotorfinger (25th Anniversary Remaster)","","Rusty Cage - Remastered",""
"1643647754","31 Jan 2022, 16:49","The Smiths","","The Queen Is Dead","0fcc367d-af66-49ee-b7b0-8351a91e04c0","The Boy with the Thorn in His Side - 2011 Remaster",""
"1643647656","31 Jan 2022, 16:47","The Smiths","","The Queen Is Dead","0fcc367d-af66-49ee-b7b0-8351a91e04c0","The Boy with the Thorn in His Side - 2011 Remaster",""
"1643647558","31 Jan 2022, 16:45","U2","","The Joshua Tree (Super Deluxe)","","Where The Streets Have No Name - Remastered",""
"1643647160","31 Jan 2022, 16:39","New Order","","Technique","01681b1d-3068-3689-b879-efefde1f7b3b","Vanishing Point - 2015 Remaster",""
"1643646986","31 Jan 2022, 16:36","New Order","","Technique","01681b1d-3068-3689-b879-efefde1f7b3b","Vanishing Point - 2015 Remaster",""
"1643646786","31 Jan 2022, 16:33","R.E.M.","","And I Feel Fine.....The Best Of The IRS Years 82-87 Collector's Edition","","Radio Free Europe - 2006 Remaster",""
"1643646663","31 Jan 2022, 16:31","R.E.M.","","And I Feel Fine.....The Best Of The IRS Years 82-87 Collector's Edition","","Radio Free Europe - 2006 Remaster",""
"1643646526","31 Jan 2022, 16:28","James","","Laid","3b0efac9-5f5f-4d89-a179-8cfdbc84c9ba","Laid","005b9c6b-936d-437e-b856-9ea4322ac3a1"
"1643646448","31 Jan 2022, 16:27","James","","Laid","3b0efac9-5f5f-4d89-a179-8cfdbc84c9ba","Laid","005b9c6b-936d-437e-b856-9ea4322ac3a1"
"1643646370","31 Jan 2022, 16:26","U2","a3cb23fc-acd3-4ce0-8f36-1e5aa6a18432","Achtung Baby (Deluxe Edition)","0ff822f3-5834-482f-a520-519b11ecffb3","Until the End of the World","000a15ee-fc5f-350d-b55b-91b18c07d91f"
"1643646228","31 Jan 2022, 16:23","U2","a3cb23fc-acd3-4ce0-8f36-1e5aa6a18432","Achtung Baby (Deluxe Edition)","0ff822f3-5834-482f-a520-519b11ecffb3","Until the End of the World","000a15ee-fc5f-350d-b55b-91b18c07d91f"
"1643645995","31 Jan 2022, 16:19","The Jesus and Mary Chain","e938a15c-b17e-4e7a-9f68-ff0d536cab44","Darklands (Expanded Version)","","April Skies","0047c89d-ace6-4493-9524-eb041d4c63e0"
"1643645873","31 Jan 2022, 16:17","The Jesus and Mary Chain","e938a15c-b17e-4e7a-9f68-ff0d536cab44","Darklands (Expanded Version)","","April Skies","0047c89d-ace6-4493-9524-eb041d4c63e0"
"1643645725","31 Jan 2022, 16:15","R.E.M.","","Green (Remastered)","","Pop Song 89 - Remastered",""
"1643645633","31 Jan 2022, 16:13","R.E.M.","","Green (Remastered)","","Pop Song 89 - Remastered",""
"1643645541","31 Jan 2022, 16:12","Oasis","","Definitely Maybe (Deluxe Edition Remastered)","","Live Forever - Remastered",""
"1643645402","31 Jan 2022, 16:10","Oasis","","Definitely Maybe (Deluxe Edition Remastered)","","Live Forever - Remastered",""
"1643645182","31 Jan 2022, 16:06","INXS","481bf5f9-2e7c-4c44-b08a-05b32bc7c00d","Kick","0486ced7-a674-4497-9d93-d7271206d519","Mediate","01d34bf4-f5be-4fe1-bc30-01b21a0daaf4"
"1643645104","31 Jan 2022, 16:05","INXS","481bf5f9-2e7c-4c44-b08a-05b32bc7c00d","Kick","0486ced7-a674-4497-9d93-d7271206d519","Mediate","01d34bf4-f5be-4fe1-bc30-01b21a0daaf4"
"1643644790","31 Jan 2022, 15:59","The Cure","69ee3720-a7cb-4402-b48d-a02c366f2bcf","The Head on the Door","0cd3c289-84d5-4330-9292-a66081d2db6c","Push","0367faa7-2dfb-4e5a-b7be-5626aac8644e"
"1643644500","31 Jan 2022, 15:55","Depeche Mode","8538e728-ca0b-4321-b7e5-cff6565dd4c0","101 (Live At Pasadena Rose Bowl, June 18, 1988)","","Blasphemous Rumours (live)","3d41f2ab-8070-3ee8-a6d9-a837657ea99d"
"1643644168","31 Jan 2022, 15:49","The Cure","69ee3720-a7cb-4402-b48d-a02c366f2bcf","Seventeen Seconds (Deluxe Edition)","4f950c86-e9f9-4f7a-8574-5f8c1078533e","A Forest","0072bac0-9c54-4ffe-a76f-35217b6b215b"
"1643643864","31 Jan 2022, 15:44","Depeche Mode","8538e728-ca0b-4321-b7e5-cff6565dd4c0","The Best of Depeche Mode, Vol. 1 (Deluxe Version)","","Enjoy the Silence","00141b04-c8e6-31d9-909b-954aafb95214"
"1643643589","31 Jan 2022, 15:39","Sonic Youth","5cbef01b-cc35-4f52-af7b-d0df0c4f61b9","Rather Ripped","00697ed6-0810-4bc6-a329-86758c2ed38b","Incinerate","252c1504-2567-4433-b574-9b61328ca521"
"1643643352","31 Jan 2022, 15:35","The Cure","69ee3720-a7cb-4402-b48d-a02c366f2bcf","Three Imaginary Boys (Deluxe Edition)","7b826a49-b9ea-40c6-bea3-57108447cb03","Jumping Someone Else's Train","000dc170-d141-3df4-b1d2-761d634cb2eb"
"1643643165","31 Jan 2022, 15:32","Siouxsie & The Banshees","","The Rapture (Remastered / Expanded)","","Stargazer","00912e13-f1cc-3d03-9598-f4a230cc2581"
"1643642862","31 Jan 2022, 15:27","The Smiths","40f5d9e4-2de7-4f2d-ad41-e31a9a9fea27","Complete","05545ca5-8416-4c5f-b736-043a3244e4fa","How Soon Is Now?","0030074d-47f1-3148-962f-d31e779ad91a"
"1643642534","31 Jan 2022, 15:22","New Order","f1106b17-dcbb-45f6-b938-199ccfab50cc","iTunes Originals: New Order","","Regret","00cb9c67-7422-4d9b-8d67-3e8a89db0ad6"
"1643642263","31 Jan 2022, 15:17","Depeche Mode","8538e728-ca0b-4321-b7e5-cff6565dd4c0","Violator (Bonus Track Version)","","Policy of Truth","0631a889-c245-4fee-a647-b5bbe1486662"
"1643641969","31 Jan 2022, 15:12","The Cure","69ee3720-a7cb-4402-b48d-a02c366f2bcf","Greatest Hits","062a6588-d0cb-42a9-945e-fe0a0ba3725f","A Forest","0072bac0-9c54-4ffe-a76f-35217b6b215b"
"1643641598","31 Jan 2022, 15:06","The Cure","69ee3720-a7cb-4402-b48d-a02c366f2bcf","Disintegration (Deluxe Edition - Remastered)","","Pictures of You","0150576b-5ac0-31dd-920f-efd52a3ed535"
"1643641285","31 Jan 2022, 15:01","Pixies","b6b2bb8d-54a9-491f-9607-7b546023b433","Doolittle","23110964-78bd-3b19-80e4-e99ef96f79cb","Monkey Gone to Heaven","01f89189-01b6-4d6a-b540-d6107dc5eccb"
"1643641197","31 Jan 2022, 14:59","New Order","f1106b17-dcbb-45f6-b938-199ccfab50cc","Power, Corruption & Lies","002ac904-c483-4155-8952-1b283aded393","Leave Me Alone","04907ebf-48bd-338c-9d9b-112e68c1bf90"
"1643640385","31 Jan 2022, 14:46","New Order","f1106b17-dcbb-45f6-b938-199ccfab50cc","Power, Corruption & Lies","002ac904-c483-4155-8952-1b283aded393","Leave Me Alone","04907ebf-48bd-338c-9d9b-112e68c1bf90"
"1643640111","31 Jan 2022, 14:41","INXS","481bf5f9-2e7c-4c44-b08a-05b32bc7c00d","Shabooh Shoobah","20617bcd-68e0-45fd-9edf-3558ffea1001","Don't Change","031d83cf-79be-4ec4-a1af-c8323de75d48"
"1643639881","31 Jan 2022, 14:38","The Cure","69ee3720-a7cb-4402-b48d-a02c366f2bcf","Kiss Me, Kiss Me, Kiss Me","03a3acfb-67ee-3353-a3f9-65a1af3a626e","Why Can't I Be You?","00677ea9-31c4-3e0d-9112-3c6ec340d142"
"1643639661","31 Jan 2022, 14:34","Depeche Mode","8538e728-ca0b-4321-b7e5-cff6565dd4c0","Playing the Angel","1a98a5c1-d369-43a9-83e9-894078c9e58d","Precious","0b77e01e-eef6-3e1e-b237-bbc6bc1e1a38"
"1643639420","31 Jan 2022, 14:30","Pixies","b6b2bb8d-54a9-491f-9607-7b546023b433","Surfer Rosa (Remastered)","","Where Is My Mind?","0821d583-170e-30be-9ce4-0f07d998c5f1"
"1643639160","31 Jan 2022, 14:26","Pixies","b6b2bb8d-54a9-491f-9607-7b546023b433","Surfer Rosa (Remastered)","","Gigantic","00c1726a-45cb-33de-96c6-54ef89b0612d"
"1643599600","31 Jan 2022, 03:26","Red Hot Chili Peppers","","Mother's Milk","117727ff-850f-4e7e-afd4-0bb95739eb41","Higher Ground (Remaster 2003)",""
"1643599425","31 Jan 2022, 03:23","The Jesus and Mary Chain","e938a15c-b17e-4e7a-9f68-ff0d536cab44","Honey's Dead","06f1873c-9859-4770-aa89-9f3391fa4601","Far Gone and Out","0171b25c-5c34-3267-8fb4-9c3f7b1f3fae"
"1643578822","30 Jan 2022, 21:40","The Cure","69ee3720-a7cb-4402-b48d-a02c366f2bcf","Kiss Me, Kiss Me, Kiss Me","03a3acfb-67ee-3353-a3f9-65a1af3a626e","All I Want","12101033-0388-3bdb-896f-5349eec6805e"
"1643578500","30 Jan 2022, 21:35","The Cure","69ee3720-a7cb-4402-b48d-a02c366f2bcf","Kiss Me, Kiss Me, Kiss Me","03a3acfb-67ee-3353-a3f9-65a1af3a626e","Just Like Heaven","012e64d6-39ad-445f-904c-0040ed8c0d99"
"1643578287","30 Jan 2022, 21:31","The Cure","69ee3720-a7cb-4402-b48d-a02c366f2bcf","Kiss Me, Kiss Me, Kiss Me","03a3acfb-67ee-3353-a3f9-65a1af3a626e","The Snakepit","1f5553f3-c938-4b1a-9a33-e992eb8f945e"
"1643577868","30 Jan 2022, 21:24","The Cure","69ee3720-a7cb-4402-b48d-a02c366f2bcf","Kiss Me, Kiss Me, Kiss Me","03a3acfb-67ee-3353-a3f9-65a1af3a626e","How Beautiful You Are","1d15c813-930d-4a1b-a395-163e9b338471"
"1643577554","30 Jan 2022, 21:19","The Cure","69ee3720-a7cb-4402-b48d-a02c366f2bcf","Kiss Me, Kiss Me, Kiss Me","03a3acfb-67ee-3353-a3f9-65a1af3a626e","Why Can't I Be You?","00677ea9-31c4-3e0d-9112-3c6ec340d142"
"1643577360","30 Jan 2022, 21:16","The Cure","69ee3720-a7cb-4402-b48d-a02c366f2bcf","Kiss Me, Kiss Me, Kiss Me","03a3acfb-67ee-3353-a3f9-65a1af3a626e","If Only Tonight We Could Sleep?","02222a7b-dd72-4ef2-9003-43dd3cadffed"
"1643577067","30 Jan 2022, 21:11","The Cure","69ee3720-a7cb-4402-b48d-a02c366f2bcf","Kiss Me, Kiss Me, Kiss Me","03a3acfb-67ee-3353-a3f9-65a1af3a626e","Torture","06292ec5-5898-4430-9483-b4cd44df1baa"
"1643576808","30 Jan 2022, 21:06","The Cure","69ee3720-a7cb-4402-b48d-a02c366f2bcf","Kiss Me, Kiss Me, Kiss Me","03a3acfb-67ee-3353-a3f9-65a1af3a626e","Catch","0226fc3b-09c6-331c-a1b0-4faaa7961ed3"
"1643565011","30 Jan 2022, 17:50","The Cure","69ee3720-a7cb-4402-b48d-a02c366f2bcf","Festival Live","","Us Or Them","04f69cce-11cd-3400-8f75-175734e6f5bc"
"1643564768","30 Jan 2022, 17:46","The Cure","69ee3720-a7cb-4402-b48d-a02c366f2bcf","Festival Live","","Shake Dog Shake","023455ba-e016-34c5-8840-0c8a65d567c9"
"1643564436","30 Jan 2022, 17:40","The Cure","69ee3720-a7cb-4402-b48d-a02c366f2bcf","Festival Live","","The End of the World","006aeded-0176-472c-b922-7c4d93abd444"
"1643564220","30 Jan 2022, 17:37","The Cure","69ee3720-a7cb-4402-b48d-a02c366f2bcf","Festival Live","","A Night Like This","010b9c86-52c1-4b17-a09b-8aff928048ed"
"1643563983","30 Jan 2022, 17:33","The Cure","69ee3720-a7cb-4402-b48d-a02c366f2bcf","Festival Live","","The Blood","015d195a-16ee-30f7-b902-785b87548004"
"1643563744","30 Jan 2022, 17:29","The Cure","69ee3720-a7cb-4402-b48d-a02c366f2bcf","Festival Live","","alt.end","05c7a1a5-1d92-4ac2-a2af-132c91ec9f02"
"1643563469","30 Jan 2022, 17:24","The Cure","69ee3720-a7cb-4402-b48d-a02c366f2bcf","Festival Live","","Fascination Street","0025bebb-97cb-34eb-b540-21f867935e81"
"1643563184","30 Jan 2022, 17:19","The Cure","69ee3720-a7cb-4402-b48d-a02c366f2bcf","Festival Live","","Open","068b9ba5-22b5-4b86-8a5d-638b6f652627"
"1643509401","30 Jan 2022, 02:23","John Mayer","144ef525-85e9-40c3-8335-02c32d0861f3","2019-07-26 CJ Madison Square Garden","","No Such Thing","0726f764-8a47-36e7-bbb7-2ec905852ac9"
"1643508978","30 Jan 2022, 02:16","John Mayer","144ef525-85e9-40c3-8335-02c32d0861f3","2019-07-26 CJ Madison Square Garden","","Waiting on the Day","038ca8c2-b557-4240-81b7-f6ed40b235f3"
"1643508621","30 Jan 2022, 02:10","John Mayer","144ef525-85e9-40c3-8335-02c32d0861f3","2019-07-26 CJ Madison Square Garden","","Moving on and Getting Over","0cefcafa-ad65-4beb-8c2d-dd00b1d9cd19"
"1643508103","30 Jan 2022, 02:01","John Mayer","144ef525-85e9-40c3-8335-02c32d0861f3","2019-07-26 CJ Madison Square Garden","","Changing","3365d3da-0154-4fdd-9c78-60ff69597ffc"
"1643507867","30 Jan 2022, 01:57","John Mayer","144ef525-85e9-40c3-8335-02c32d0861f3","2019-07-26 CJ Madison Square Garden","","Love On The Weekend","0ef85e9f-f678-4f97-ab81-263bd06f0618"
"1643507544","30 Jan 2022, 01:52","John Mayer","144ef525-85e9-40c3-8335-02c32d0861f3","2019-07-26 CJ Madison Square Garden","","Heartbreak Warfare","14c484d1-6a9c-40f3-94c2-cec1d59e8be0"
"1643490174","29 Jan 2022, 21:02","The Soup Dragons","","Hotwired (Deluxe / Remastered)","","Divine Thing - Remastered",""
"1643489942","29 Jan 2022, 20:59","R.E.M.","","And I Feel Fine.....The Best Of The IRS Years 82-87 Collector's Edition","","Finest Worksong - Remastered 2006",""
"1643489715","29 Jan 2022, 20:55","The Smithereens","fae2cd4c-f847-4cb3-b311-60c8906cdb0b","Green Thoughts","71a49471-7851-4d93-8b7b-ddc4ae2404bf","Only A Memory","06419ef0-8580-4275-8e83-177786275494"
"1643489492","29 Jan 2022, 20:51","U2","a3cb23fc-acd3-4ce0-8f36-1e5aa6a18432","Achtung Baby","061b8ef6-f443-390f-8ac6-6dc16709896f","Zoo Station","031d33e3-9b91-33e1-a108-6ba43df0c795"
"1643489177","29 Jan 2022, 20:46","R.E.M.","","Green (Remastered)","","Orange Crush - Remastered",""
"1643488946","29 Jan 2022, 20:42","Oasis","","Definitely Maybe (Deluxe Edition Remastered)","","Supersonic - Remastered",""
"1643488663","29 Jan 2022, 20:37","INXS","481bf5f9-2e7c-4c44-b08a-05b32bc7c00d","Shabooh Shoobah","20617bcd-68e0-45fd-9edf-3558ffea1001","Don't Change","031d83cf-79be-4ec4-a1af-c8323de75d48"
"1643427850","29 Jan 2022, 03:44","Counting Crows","a0327dc2-dc76-44d5-aec6-47cd2dff1469","August and Everything After","0201c645-c8fe-46b0-b785-815a617a1136","Rain King","02fdf07c-ae4d-387a-9260-ca0bdda498c9"
"1643426810","29 Jan 2022, 03:26","Beastie Boys","9beb62b2-88db-4cea-801e-162cd344ee53","Check Your Head (Deluxe Version) [Remastered]","","So What'cha Want (Remastered)",""
"1643424135","29 Jan 2022, 02:42","Counting Crows","a0327dc2-dc76-44d5-aec6-47cd2dff1469","August and Everything After","0201c645-c8fe-46b0-b785-815a617a1136","Time and Time Again","177c79da-e415-3312-8581-676f1a5dc660"
"1643423865","29 Jan 2022, 02:37","Counting Crows","a0327dc2-dc76-44d5-aec6-47cd2dff1469","August and Everything After","0201c645-c8fe-46b0-b785-815a617a1136","Anna Begins","0608fc59-cde3-3b7e-93f8-75fa0993137f"
"1643423560","29 Jan 2022, 02:32","Counting Crows","a0327dc2-dc76-44d5-aec6-47cd2dff1469","August and Everything After","0201c645-c8fe-46b0-b785-815a617a1136","Perfect Blue Buildings","0e9d4c2a-83f9-4ddd-8d49-4d0908846bd2"
"1643423289","29 Jan 2022, 02:28","Counting Crows","a0327dc2-dc76-44d5-aec6-47cd2dff1469","August and Everything After","0201c645-c8fe-46b0-b785-815a617a1136","Mr. Jones","00e3d84b-e094-4360-9010-547482b085c6"
"1643423072","29 Jan 2022, 02:24","Counting Crows","a0327dc2-dc76-44d5-aec6-47cd2dff1469","August and Everything After","0201c645-c8fe-46b0-b785-815a617a1136","Omaha","0312b703-f26b-3930-b966-62ecaf1c2ff9"
"1643422740","29 Jan 2022, 02:19","Counting Crows","a0327dc2-dc76-44d5-aec6-47cd2dff1469","August and Everything After","0201c645-c8fe-46b0-b785-815a617a1136","Round Here","014563f1-dae1-3ffc-981a-5e1bc8e4fc55"
"1643413175","28 Jan 2022, 23:39","Ice-T","8a75ce0d-1df3-47cc-b076-ce2f4e8250f0","Home Invasion","00e7ea06-93b5-40e6-aadc-472108428590","Ice M.F. T",""
"1643405261","28 Jan 2022, 21:27","Ice-T","8a75ce0d-1df3-47cc-b076-ce2f4e8250f0","Home Invasion","00e7ea06-93b5-40e6-aadc-472108428590","Ice M.F. T",""
"1643404869","28 Jan 2022, 21:21","Ice-T","8a75ce0d-1df3-47cc-b076-ce2f4e8250f0","O.G. Original Gangster","0090cb1c-de28-4824-9da2-538c32491775","Ed",""
"1643404834","28 Jan 2022, 21:20","Ice-T","8a75ce0d-1df3-47cc-b076-ce2f4e8250f0","O.G. Original Gangster","0090cb1c-de28-4824-9da2-538c32491775","Ed",""
"1643404799","28 Jan 2022, 21:19","Ice-T","8a75ce0d-1df3-47cc-b076-ce2f4e8250f0","O.G. Original Gangster","0090cb1c-de28-4824-9da2-538c32491775","New Jack Hustler (Nino's Theme)",""
"1643404657","28 Jan 2022, 21:17","Ice-T","8a75ce0d-1df3-47cc-b076-ce2f4e8250f0","O.G. Original Gangster","0090cb1c-de28-4824-9da2-538c32491775","New Jack Hustler (Nino's Theme)",""
"1643404515","28 Jan 2022, 21:15","Ice-T","8a75ce0d-1df3-47cc-b076-ce2f4e8250f0","O.G. Original Gangster","0090cb1c-de28-4824-9da2-538c32491775","Mind Over Matter",""
"1643404389","28 Jan 2022, 21:13","Ice-T","8a75ce0d-1df3-47cc-b076-ce2f4e8250f0","O.G. Original Gangster","0090cb1c-de28-4824-9da2-538c32491775","Mind Over Matter",""
"1643404263","28 Jan 2022, 21:11","Ice-T","8a75ce0d-1df3-47cc-b076-ce2f4e8250f0","O.G. Original Gangster","0090cb1c-de28-4824-9da2-538c32491775","Mic Contract",""
"1643404131","28 Jan 2022, 21:08","Ice-T","8a75ce0d-1df3-47cc-b076-ce2f4e8250f0","O.G. Original Gangster","0090cb1c-de28-4824-9da2-538c32491775","Mic Contract",""
"1643403999","28 Jan 2022, 21:06","Ice-T","8a75ce0d-1df3-47cc-b076-ce2f4e8250f0","O.G. Original Gangster","0090cb1c-de28-4824-9da2-538c32491775","Ziplock",""
"1643403958","28 Jan 2022, 21:05","Ice-T","8a75ce0d-1df3-47cc-b076-ce2f4e8250f0","O.G. Original Gangster","0090cb1c-de28-4824-9da2-538c32491775","Ziplock",""
"1643403901","28 Jan 2022, 21:05","Ice-T","8a75ce0d-1df3-47cc-b076-ce2f4e8250f0","O.G. Original Gangster","0090cb1c-de28-4824-9da2-538c32491775","Home of the Bodybag",""
"1643403834","28 Jan 2022, 21:03","Ice-T","8a75ce0d-1df3-47cc-b076-ce2f4e8250f0","O.G. Original Gangster","0090cb1c-de28-4824-9da2-538c32491775","Home of the Bodybag",""
"1643403628","28 Jan 2022, 21:00","LL Cool J","a4dd0e77-83b8-4e92-89b7-effb0e47fd8c","Walking With A Panther","17da0703-f727-4a0d-8806-ffc090e94b79","I'm That Type Of Guy","02274f90-186c-44cd-8b1e-6dce05b509e8"
"1643403219","28 Jan 2022, 20:53","A Tribe Called Quest","9689aa5a-4471-4fb4-9721-07cecda0fa9f","The Low End Theory","00833c5d-da40-44d0-b5d7-a52328b251bc","Buggin' Out","01d91288-636a-4870-977e-8fd5fe3bc149"
"1643403110","28 Jan 2022, 20:51","A Tribe Called Quest","9689aa5a-4471-4fb4-9721-07cecda0fa9f","The Low End Theory","00833c5d-da40-44d0-b5d7-a52328b251bc","Buggin' Out","01d91288-636a-4870-977e-8fd5fe3bc149"
"1643403001","28 Jan 2022, 20:50","Public Enemy","","It Takes A Nation Of Millions To Hold Us Back (Deluxe Edition)","","She Watch Channel Zero?!","0a40aa67-d74d-31ff-a334-b92c97a9df0a"
"1643402887","28 Jan 2022, 20:48","Public Enemy","","It Takes A Nation Of Millions To Hold Us Back (Deluxe Edition)","","She Watch Channel Zero?!","0a40aa67-d74d-31ff-a334-b92c97a9df0a"
"1643402772","28 Jan 2022, 20:46","Run the Jewels","a80c5dc5-b12e-4667-9f5a-b568961f3839","Run the Jewels 3","386a689f-7ec4-4c4f-8a0c-fef18124a25f","Talk to Me","3c32677f-d8b8-4fc5-8891-c5114cfead92"
"1643402697","28 Jan 2022, 20:44","Run the Jewels","a80c5dc5-b12e-4667-9f5a-b568961f3839","Run the Jewels 3","386a689f-7ec4-4c4f-8a0c-fef18124a25f","Talk to Me","3c32677f-d8b8-4fc5-8891-c5114cfead92"
"1643402621","28 Jan 2022, 20:43","Beastie Boys","9beb62b2-88db-4cea-801e-162cd344ee53","Ill Communication","04a3a4c8-7b0d-4751-b050-1a9cc789ad35","Sure Shot","0135b1b2-ec65-3957-b93b-d08c354b5321"
"1643402520","28 Jan 2022, 20:42","Beastie Boys","9beb62b2-88db-4cea-801e-162cd344ee53","Ill Communication","04a3a4c8-7b0d-4751-b050-1a9cc789ad35","Sure Shot","0135b1b2-ec65-3957-b93b-d08c354b5321"
"1643402346","28 Jan 2022, 20:39","L7","","Hungry for Stink","bc8d4f67-b395-4675-b668-7a067e574ae6","Fuel My Fire","aa64aeca-b17d-4a1d-9b66-4c70883a0a52"
"1643402231","28 Jan 2022, 20:37","L7","","Hungry for Stink","bc8d4f67-b395-4675-b668-7a067e574ae6","Fuel My Fire","aa64aeca-b17d-4a1d-9b66-4c70883a0a52"
"1643402070","28 Jan 2022, 20:34","Jane's Addiction","e3434cc7-d348-491a-9dc8-325af3d9086d","Ritual de lo Habitual","0239d797-11ca-3d4d-b838-8a70a984f632","Classic Girl","0a384040-22b0-435a-9a23-619d4dd61068"
"1643401915","28 Jan 2022, 20:31","Jane's Addiction","e3434cc7-d348-491a-9dc8-325af3d9086d","Ritual de lo Habitual","0239d797-11ca-3d4d-b838-8a70a984f632","Classic Girl","0a384040-22b0-435a-9a23-619d4dd61068"
"1643401723","28 Jan 2022, 20:28","U2","","The Unforgettable Fire (Deluxe Edition Remastered)","","Wire - Remastered 2009",""
"1643401592","28 Jan 2022, 20:26","U2","","The Unforgettable Fire (Deluxe Edition Remastered)","","Wire - Remastered 2009",""
"1643401449","28 Jan 2022, 20:24","U2","a3cb23fc-acd3-4ce0-8f36-1e5aa6a18432","The Joshua Tree (Super Deluxe)","","In God's Country","0099a63a-54c1-3e21-af54-d3ae2e78ab45"
"1643401360","28 Jan 2022, 20:22","U2","a3cb23fc-acd3-4ce0-8f36-1e5aa6a18432","The Joshua Tree (Super Deluxe)","","In God's Country","0099a63a-54c1-3e21-af54-d3ae2e78ab45"
"1643401247","28 Jan 2022, 20:20","The Soup Dragons","5c42c9cf-5833-41d8-b600-177e70894046","20 Golden Greats","","I'm Free","0144e062-b1b2-3815-a78d-95acc9637e32"
"1643401142","28 Jan 2022, 20:19","The Soup Dragons","5c42c9cf-5833-41d8-b600-177e70894046","20 Golden Greats","","I'm Free","0144e062-b1b2-3815-a78d-95acc9637e32"
"1643401036","28 Jan 2022, 20:17","U2","a3cb23fc-acd3-4ce0-8f36-1e5aa6a18432","The Joshua Tree (Super Deluxe)","","Bullet the Blue Sky","0043c646-8683-35a0-ba96-d969e87871d4"
"1643400899","28 Jan 2022, 20:14","U2","a3cb23fc-acd3-4ce0-8f36-1e5aa6a18432","The Joshua Tree (Super Deluxe)","","Bullet the Blue Sky","0043c646-8683-35a0-ba96-d969e87871d4"
"1643400764","28 Jan 2022, 20:12","R.E.M.","","Green (25th Anniversary Deluxe Edition)","","Pop Song 89 - Remastered",""
"1643400672","28 Jan 2022, 20:11","R.E.M.","","Green (25th Anniversary Deluxe Edition)","","Pop Song 89 - Remastered",""
"1643400579","28 Jan 2022, 20:09","Urban Dance Squad","770b04ac-7075-4a39-ab37-dd2885b21e2f","Mental Floss For The Globe / Hollywood Live 1990","","Deeper Shade Of Soul","00608839-2861-3b37-bf34-33b02d258dd5"
"1643400441","28 Jan 2022, 20:07","Urban Dance Squad","770b04ac-7075-4a39-ab37-dd2885b21e2f","Mental Floss For The Globe / Hollywood Live 1990","","Deeper Shade Of Soul","00608839-2861-3b37-bf34-33b02d258dd5"
"1643400285","28 Jan 2022, 20:04","Public Image Ltd.","","Public Image Ltd.","","Rise","0064a793-f165-3f0a-a188-5f6bd3d3fc7f"
"1643400095","28 Jan 2022, 20:01","Public Image Ltd.","","Public Image Ltd.","","Rise","0064a793-f165-3f0a-a188-5f6bd3d3fc7f"
"1643399899","28 Jan 2022, 19:58","Oasis","","Definitely Maybe (Deluxe Edition Remastered)","","Shakermaker - Remastered",""
